{"2p0E34": 1.0, "": 1.0412879498491814, "1p2E34": 0.838982251416546, "1p3E34": 0.8911809868494021, "1p4E34": 0.9074546537332581, "1p6E34": 0.9528253968458242, "1p8E34": 0.9055248598865558, "1p8E34+ZeroBias+HLTPhysics": 0.9283287152752973, "2b": 108.0176125481993, "2p0E34+DAQTestHigh": 1.0309155578863813, "2p0E34+DAQTestLow": 1.02154836350636, "2p0E34+DAQTestMedium": 1.0255524973553647, "2p0E34+DAQTestVeryHigh": 1.019889506754156, "2p0E34+ZeroBias": 0.9561494190759443, "2p0E34+ZeroBias+HLTPhysics": 0.9325714270497077, "2p0E34_OnlyMuons": 0.9053552982334109, "362b": 3.4023427280359777, "62b": 12.553783602743042, "ECALFullReadout_2340b_ZB2": 0.4195224276460931, "ECALFullReadout_2340b_ZB4": 0.417095397893978, "ECALTestZS_110": 0.867907321600052, "ECALTestZS_120": 0.8303597930723565, "ECAL_TimingScan_362b_tight": 3.5329800067561576, "Emergency": 0.09611031738948492, "L15P9_H10": 1.2742783442009038, "L15P9_H8": 1.2774198754306139, "L17P9_H10": 1.1557432211203071, "L19P7_H0": 1.1906927315149476, "L1P4_H1_ZB0": 1.3162483779237233, "L1P4_H1_ZB1": 1.799919109440156, "L1P5_H1_ZB0": 1.2921279444145335, "L1P8_H1_ZB0": 1.5530700130215191, "L1p4H1": 19.13322420303939, "L1p4H3": 15.215199428179837, "L1p7H1": 16.42190358377372, "L1p9H1": 16.842625177141784, "L23H0": 0.3783761542925675, "L23H10": 0.37106634082348694, "L23H2": 0.3917339356212007, "L23H3": 0.3696105298892734, "L23H5": 0.3664498067111179, "L23H6": 0.3617603553666046, "L23H7": 0.37216135859010707, "L23H8": 0.37029219931173657, "L23H9": 0.3737391537002211, "L2H3": 20.04714347052107, "L2H4": 20.505280452881884, "L3_H1_ZB0": 2.9837533785194554, "L6P7_H10": 4.93321115024498, "PU7": 0.733095420472383}